p,t_mean,t_stdev
0,4.5075e-05,1.75632e-06
0.125,4.04943,0.138594
0.25,8.05313,0.0954546
0.375,12.0908,0.0962799
0.5,16.1394,0.176301
0.625,20.2035,0.47803
0.75,24.191,1.4683
0.875,28.2644,0.26736
1,32.3056,0.30478
