n,t_mean,t_stdev
8,5.30802e-05,1.14243e-06
64,0.000160142,3.68659e-06
512,0.000931126,4.00216e-05
4096,0.00719646,0.000932411
32768,0.0610976,0.00589483
262144,0.485865,0.0170079
2097152,4.02294,0.0962575
16777216,32.1973,1.40627
134217728,262.37,18.0376
