p,t_mean,t_stdev
0,288.835,2.7205
2097151,279.319,2.23414
4194302,280.32,2.07906
6291453,279.507,2.08915
8388604,279.166,1.87087
10485755,279.739,2.2409
12582906,279.489,2.00447
14680057,279.358,2.17522
16777208,278.802,2.27606
